0,1,0.0436564,0.351131,102.45,102.45
1,1,0.0436564,0.351131,102.15,102.15
2,1,0.0436564,0.351131,102.6,102.6
3,1,0.0436564,0.351131,102.75,102.75
4,1,0.0436564,0.351131,102.9,102.9
5,1,0.0436564,0.351131,102,102
6,1,0.0436564,0.351131,101.55,101.55
7,1,0.0436564,0.351131,102.75,102.75
8,1,0.0436564,0.351131,102.6,102.6
9,1,0.0436564,0.351131,102.9,102.9
10,1,0.0436564,0.351131,103.8,103.8
11,1,0.0436564,0.351131,103.8,103.8
12,1,0.0436564,0.351131,103.05,103.05
13,1,0.0436564,0.351131,103.05,103.05
14,1,0.0436564,0.351131,102.9,102.9
15,1,0.0436564,0.351131,103.65,103.65
16,1,0.0436564,0.351131,104.85,104.85
17,1,0.0436564,0.351131,106.35,106.35
18,1,0.0436564,0.351131,107.25,107.25
19,1,0.0436564,0.351131,107.85,107.85
20,1,0.0436564,0.351131,107.25,107.25
21,1,0.0436564,0.351131,107.1,107.1
22,1,0.0436564,0.351131,107.25,107.25
23,1,0.0436564,0.351131,107.1,107.1
24,1,0.0436564,0.351131,107.55,107.55
25,1,0.0436564,0.351131,107.85,107.85
26,1,0.0436564,0.351131,108.75,108.75
27,1,0.0436564,0.351131,110.25,110.25
28,1,0.0436564,0.351131,110.4,110.4
29,1,0.0436564,0.351131,110.4,110.4
30,1,0.0436564,0.351131,110.4,110.4
31,1,0.0436564,0.351131,111,111
32,1,0.0436564,0.351131,110.7,110.7
33,1,0.0436564,0.351131,111,111
34,1,0.0436564,0.351131,111.75,111.75
35,1,0.0436564,0.351131,111.45,111.45
36,1,0.0436564,0.351131,109.8,109.8
37,1,0.0436564,0.351131,109.2,109.2
38,1,0.0436564,0.351131,108.9,108.9
39,1,0.0436564,0.351131,109.5,109.5
40,1,0.0436564,0.351131,110.7,110.7
41,1,0.0436564,0.351131,112.2,112.2
42,1,0.0436564,0.351131,112.2,112.2
43,1,0.0436564,0.351131,112.95,112.95
44,1,0.0436564,0.351131,113.4,113.4
45,1,0.0436564,0.351131,114.75,114.75
46,1,0.0436564,0.351131,115.5,115.5
47,1,0.0436564,0.351131,115.5,115.5
48,1,0.0436564,0.351131,116.4,116.4
49,1,0.0436564,0.351131,116.1,116.1
50,1,0.0436564,0.351131,117.45,117.45
51,1,0.0436564,0.351131,118.05,118.05
52,1,0.0436564,0.351131,118.35,118.35
53,1,0.0436564,0.351131,119.1,119.1
54,1,0.0436564,0.351131,118.95,118.95
55,1,0.0436564,0.351131,118.2,118.2
56,1,0.0436564,0.351131,117.6,117.6
57,1,0.0436564,0.351131,117.3,117.3
58,1,0.0436564,0.351131,117.45,117.45
59,1,0.0436564,0.351131,116.7,116.7
60,1,0.0436564,0.351131,114.15,114.15
61,1,0.0436564,0.351131,112.35,112.35
62,1,0.0436564,0.351131,111.45,111.45
63,1,0.0436564,0.351131,112.05,112.05
64,1,0.0436564,0.351131,113.4,113.4
65,1,0.0436564,0.351131,114.3,114.3
66,1,0.0436564,0.351131,114.15,114.15
67,1,0.0436564,0.351131,113.1,113.1
68,1,0.0436564,0.351131,112.2,112.2
69,1,0.0436564,0.351131,111.6,111.6
70,1,0.0436564,0.351131,110.4,110.4
71,1,0.0436564,0.351131,108.75,108.75
72,1,0.0436564,0.351131,107.1,107.1
73,1,0.0436564,0.351131,106.35,106.35
74,1,0.0436564,0.351131,106.2,106.2
75,1,0.0436564,0.351131,106.5,106.5
76,1,0.0436564,0.351131,106.8,106.8
77,1,0.0436564,0.351131,106.5,106.5
78,1,0.0436564,0.351131,106.2,106.2
79,1,0.0436564,0.351131,106.35,106.35
80,1,0.0436564,0.351131,106.5,106.5
81,1,0.0436564,0.351131,106.65,106.65
82,1,0.0436564,0.351131,107.1,107.1
83,1,0.0436564,0.351131,106.95,106.95
84,1,0.0436564,0.351131,106.35,106.35
85,1,0.0436564,0.351131,106.05,106.05
86,1,0.0436564,0.351131,105.9,105.9
87,1,0.0436564,0.351131,106.2,106.2
88,1,0.0436564,0.351131,106.5,106.5
89,1,0.0436564,0.351131,106.35,106.35
90,1,0.0436564,0.351131,106.2,106.2
91,1,0.0436564,0.351131,106.35,106.35
92,1,0.0436564,0.351131,106.35,106.35
93,1,0.0436564,0.351131,106.2,106.2
94,1,0.0436564,0.351131,106.05,106.05
95,1,0.0436564,0.351131,106.05,106.05
96,1,0.0436564,0.351131,105.9,105.9
97,1,0.0436564,0.351131,105.75,105.75
98,1,0.0436564,0.351131,105.75,105.75
99,1,0.0436564,0.351131,105.75,105.75
100,1,0.0436564,0.351131,105.75,105.75
101,1,0.0436564,0.351131,105.75,105.75
102,1,0.0436564,0.351131,105.9,105.9
103,1,0.0436564,0.351131,106.2,106.2
104,1,0.0436564,0.351131,106.5,106.5
105,1,0.0436564,0.351131,106.65,106.65
106,1,0.0436564,0.351131,106.5,106.5
107,1,0.0436564,0.351131,106.2,106.2
108,1,0.0436564,0.351131,105.9,105.9
109,1,0.0436564,0.351131,105.9,105.9
110,1,0.0436564,0.351131,106.2,106.2
111,1,0.0436564,0.351131,106.95,106.95
112,1,0.0436564,0.351131,107.7,107.7
113,1,0.0436564,0.351131,108,108
114,1,0.0436564,0.351131,108.3,108.3
115,1,0.0436564,0.351131,108.45,108.45
116,1,0.0436564,0.351131,108.3,108.3
117,1,0.0436564,0.351131,108.3,108.3
118,1,0.0436564,0.351131,108.6,108.6
119,1,0.0436564,0.351131,109.2,109.2
120,1,0.0436564,0.351131,109.65,109.65
121,1,0.0436564,0.351131,110.4,110.4
122,1,0.0436564,0.351131,111.3,111.3
123,1,0.0436564,0.351131,112.05,112.05
124,1,0.0436564,0.351131,112.2,112.2
125,1,0.0436564,0.351131,112.2,112.2
126,1,0.0436564,0.351131,112.35,112.35
127,1,0.0436564,0.351131,112.35,112.35
128,1,0.0436564,0.351131,112.2,112.2
129,1,0.0436564,0.351131,111.6,111.6
130,1,0.0436564,0.351131,111,111
131,1,0.0436564,0.351131,110.1,110.1
132,1,0.0436564,0.351131,109.05,109.05
133,1,0.0436564,0.351131,108.75,108.75
134,1,0.0436564,0.351131,107.85,107.85
135,1,0.0436564,0.351131,106.65,106.65
136,1,0.0436564,0.351131,105.75,105.75
137,1,0.0436564,0.351131,105.3,105.3
138,1,0.0436564,0.351131,105.15,105.15
139,1,0.0436564,0.351131,105.15,105.15
140,1,0.0436564,0.351131,104.85,104.85
141,1,0.0436564,0.351131,104.55,104.55
142,1,0.0436564,0.351131,104.7,104.7
143,1,0.0436564,0.351131,104.7,104.7
144,1,0.0436564,0.351131,104.55,104.55
145,1,0.0436564,0.351131,104.7,104.7
146,1,0.0436564,0.351131,104.85,104.85
147,1,0.0436564,0.351131,105,105
148,1,0.0436564,0.351131,104.85,104.85
149,1,0.0436564,0.351131,104.7,104.7
150,1,0.0436564,0.351131,104.7,104.7
151,1,0.0436564,0.351131,104.85,104.85
152,1,0.0436564,0.351131,105,105
153,1,0.0436564,0.351131,105.6,105.6
154,1,0.0436564,0.351131,105.9,105.9
155,1,0.0436564,0.351131,105.9,105.9
156,1,0.0436564,0.351131,105.3,105.3
157,1,0.0436564,0.351131,105,105
158,1,0.0436564,0.351131,104.85,104.85
159,1,0.0436564,0.351131,105.6,105.6
160,1,0.0436564,0.351131,106.8,106.8
161,1,0.0436564,0.351131,108.9,108.9
162,1,0.0436564,0.351131,110.1,110.1
163,1,0.0436564,0.351131,110.85,110.85
164,1,0.0436564,0.351131,110.4,110.4
165,1,0.0436564,0.351131,109.95,109.95
166,1,0.0436564,0.351131,108.9,108.9
167,1,0.0436564,0.351131,109.35,109.35
168,1,0.0436564,0.351131,109.65,109.65
169,1,0.0436564,0.351131,109.2,109.2
170,1,0.0436564,0.351131,109.2,109.2
171,1,0.0436564,0.351131,109.2,109.2
172,1,0.0436564,0.351131,109.2,109.2
173,1,0.0436564,0.351131,109.05,109.05
174,1,0.0436564,0.351131,109.2,109.2
175,1,0.0436564,0.351131,108.9,108.9
176,1,0.0436564,0.351131,108.3,108.3
177,1,0.0436564,0.351131,107.55,107.55
178,1,0.0436564,0.351131,106.5,106.5
179,1,0.0436564,0.351131,105.6,105.6
180,1,0.0436564,0.351131,104.7,104.7
181,1,0.0436564,0.351131,104.4,104.4
182,1,0.0436564,0.351131,104.1,104.1
183,1,0.0436564,0.351131,103.8,103.8
184,1,0.0436564,0.351131,103.65,103.65
185,1,0.0436564,0.351131,103.35,103.35
186,1,0.0436564,0.351131,103.05,103.05
187,1,0.0436564,0.351131,102.6,102.6
188,1,0.0436564,0.351131,102.3,102.3
189,1,0.0436564,0.351131,101.1,101.1
190,1,0.0436564,0.351131,100.2,100.2
191,1,0.0436564,0.351131,100.8,100.8
192,1,0.0436564,0.351131,101.55,101.55
193,1,0.0436564,0.351131,101.7,101.7
194,1,0.0436564,0.351131,101.85,101.85
195,1,0.0436564,0.351131,102,102
196,1,0.0436564,0.351131,102.3,102.3
197,1,0.0436564,0.351131,102.45,102.45
198,1,0.0436564,0.351131,102.75,102.75
199,1,0.0436564,0.351131,103.2,103.2
200,1,0.0436564,0.351131,103.5,103.5
201,1,0.0436564,0.351131,103.8,103.8
202,1,0.0436564,0.351131,103.65,103.65
203,1,0.0436564,0.351131,103.5,103.5
204,1,0.0436564,0.351131,103.2,103.2
205,1,0.0436564,0.351131,104.85,104.85
206,1,0.0436564,0.351131,104.85,104.85
207,1,0.0436564,0.351131,104.85,104.85
208,1,0.0436564,0.351131,104.7,104.7
209,1,0.0436564,0.351131,104.4,104.4
210,1,0.0436564,0.351131,103.95,103.95
211,1,0.0436564,0.351131,103.8,103.8
212,1,0.0436564,0.351131,103.95,103.95
213,1,0.0436564,0.351131,103.95,103.95
214,1,0.0436564,0.351131,103.95,103.95
215,1,0.0436564,0.351131,103.65,103.65
216,1,0.0436564,0.351131,103.35,103.35
217,1,0.0436564,0.351131,103.35,103.35
218,1,0.0436564,0.351131,103.2,103.2
219,1,0.0436564,0.351131,103.5,103.5
220,1,0.0436564,0.351131,103.8,103.8
221,1,0.0436564,0.351131,103.8,103.8
222,1,0.0436564,0.351131,103.65,103.65
223,1,0.0436564,0.351131,103.95,103.95
224,1,0.0436564,0.351131,104.1,104.1
225,1,0.0436564,0.351131,103.8,103.8
226,1,0.0436564,0.351131,103.95,103.95
227,1,0.0436564,0.351131,103.5,103.5
228,1,0.0436564,0.351131,102.75,102.75
229,1,0.0436564,0.351131,102.45,102.45
230,1,0.0436564,0.351131,102.45,102.45
231,1,0.0436564,0.351131,102.9,102.9
232,1,0.0436564,0.351131,103.35,103.35
233,1,0.0436564,0.351131,104.1,104.1
234,1,0.0436564,0.351131,104.25,104.25
235,1,0.0436564,0.351131,104.25,104.25
236,1,0.0436564,0.351131,104.55,104.55
237,1,0.0436564,0.351131,105,105
238,1,0.0436564,0.351131,105.6,105.6
239,1,0.0436564,0.351131,105.9,105.9
240,1,0.0436564,0.351131,105.75,105.75
241,1,0.0436564,0.351131,106.05,106.05
242,1,0.0436564,0.351131,106.2,106.2
243,1,0.0436564,0.351131,106.2,106.2
244,1,0.0436564,0.351131,105.75,105.75
245,1,0.0436564,0.351131,105.45,105.45
246,1,0.0436564,0.351131,105.45,105.45
247,1,0.0436564,0.351131,105.9,105.9
248,1,0.0436564,0.351131,106.5,106.5
249,1,0.0436564,0.351131,107.25,107.25
250,1,0.0436564,0.351131,107.4,107.4
251,1,0.0436564,0.351131,107.25,107.25
252,1,0.0436564,0.351131,106.8,106.8
253,1,0.0436564,0.351131,105.9,105.9
254,1,0.0436564,0.351131,105.75,105.75
255,1,0.0436564,0.351131,106.05,106.05
256,1,0.0436564,0.351131,106.95,106.95
257,1,0.0436564,0.351131,107.25,107.25
258,1,0.0436564,0.351131,107.25,107.25
259,1,0.0436564,0.351131,106.95,106.95
260,1,0.0436564,0.351131,106.65,106.65
261,1,0.0436564,0.351131,106.35,106.35
262,1,0.0436564,0.351131,106.05,106.05
263,1,0.0436564,0.351131,106.05,106.05
264,1,0.0436564,0.351131,106.2,106.2
265,1,0.0436564,0.351131,106.35,106.35
266,1,0.0436564,0.351131,106.35,106.35
267,1,0.0436564,0.351131,106.35,106.35
268,1,0.0436564,0.351131,105.9,105.9
269,1,0.0436564,0.351131,106.05,106.05
270,1,0.0436564,0.351131,106.65,106.65
271,1,0.0436564,0.351131,106.95,106.95
272,1,0.0436564,0.351131,106.95,106.95
273,1,0.0436564,0.351131,106.95,106.95
274,1,0.0436564,0.351131,106.8,106.8
275,1,0.0436564,0.351131,105.75,105.75
276,1,0.0436564,0.351131,104.25,104.25
277,1,0.0436564,0.351131,103.95,103.95
278,1,0.0436564,0.351131,104.1,104.1
279,1,0.0436564,0.351131,104.55,104.55
280,1,0.0436564,0.351131,105.3,105.3
281,1,0.0436564,0.351131,105.9,105.9
282,1,0.0436564,0.351131,105.75,105.75
283,1,0.0436564,0.351131,105.45,105.45
284,1,0.0436564,0.351131,105.6,105.6
285,1,0.0436564,0.351131,105.9,105.9
286,1,0.0436564,0.351131,106.65,106.65
287,1,0.0436564,0.351131,106.8,106.8
288,1,0.0436564,0.351131,106.95,106.95
289,1,0.0436564,0.351131,109.95,109.95
290,1,0.0436564,0.351131,108.9,108.9
291,1,0.0436564,0.351131,109.2,109.2
292,1,0.0436564,0.351131,110.4,110.4
293,1,0.0436564,0.351131,110.85,110.85
294,1,0.0436564,0.351131,111.6,111.6
295,1,0.0436564,0.351131,113.55,113.55
296,1,0.0436564,0.351131,115.05,115.05
297,1,0.0436564,0.351131,115.05,115.05
298,1,0.0436564,0.351131,115.8,115.8
299,1,0.0436564,0.351131,115.65,115.65
300,1,0.0436564,0.351131,112.65,112.65
301,1,0.0436564,0.351131,111.15,111.15
302,1,0.0436564,0.351131,110.7,110.7
303,1,0.0436564,0.351131,111.15,111.15
304,1,0.0436564,0.351131,111.9,111.9
305,1,0.0436564,0.351131,112.8,112.8
306,1,0.0436564,0.351131,114.15,114.15
307,1,0.0436564,0.351131,113.85,113.85
308,1,0.0436564,0.351131,113.1,113.1
309,1,0.0436564,0.351131,112.95,112.95
310,1,0.0436564,0.351131,112.65,112.65
311,1,0.0436564,0.351131,112.65,112.65
312,1,0.0436564,0.351131,112.65,112.65
313,1,0.0436564,0.351131,112.2,112.2
314,1,0.0436564,0.351131,112.05,112.05
315,1,0.0436564,0.351131,112.35,112.35
316,1,0.0436564,0.351131,112.2,112.2
317,1,0.0436564,0.351131,111.9,111.9
318,1,0.0436564,0.351131,111.6,111.6
319,1,0.0436564,0.351131,111.15,111.15
320,1,0.0436564,0.351131,110.55,110.55
321,1,0.0436564,0.351131,110.55,110.55
322,1,0.0436564,0.351131,109.95,109.95
323,1,0.0436564,0.351131,109.35,109.35
324,1,0.0436564,0.351131,108,108
325,1,0.0436564,0.351131,107.25,107.25
326,1,0.0436564,0.351131,106.8,106.8
327,1,0.0436564,0.351131,107.1,107.1
328,1,0.0436564,0.351131,107.55,107.55
329,1,0.0436564,0.351131,107.85,107.85
330,1,0.0436564,0.351131,107.85,107.85
331,1,0.0436564,0.351131,107.85,107.85
332,1,0.0436564,0.351131,107.7,107.7
333,1,0.0436564,0.351131,107.55,107.55
334,1,0.0436564,0.351131,107.7,107.7
335,1,0.0436564,0.351131,107.85,107.85
336,1,0.0436564,0.351131,108.15,108.15
337,1,0.0436564,0.351131,108.6,108.6
338,1,0.0436564,0.351131,108.9,108.9
339,1,0.0436564,0.351131,108.75,108.75
340,1,0.0436564,0.351131,108.45,108.45
341,1,0.0436564,0.351131,108.3,108.3
342,1,0.0436564,0.351131,108.15,108.15
343,1,0.0436564,0.351131,108,108
344,1,0.0436564,0.351131,107.85,107.85
345,1,0.0436564,0.351131,107.7,107.7
346,1,0.0436564,0.351131,107.25,107.25
347,1,0.0436564,0.351131,106.95,106.95
348,1,0.0436564,0.351131,106.5,106.5
349,1,0.0436564,0.351131,105.9,105.9
350,1,0.0436564,0.351131,105.45,105.45
351,1,0.0436564,0.351131,105,105
352,1,0.0436564,0.351131,105,105
353,1,0.0436564,0.351131,104.85,104.85
354,1,0.0436564,0.351131,104.7,104.7
355,1,0.0436564,0.351131,104.7,104.7
356,1,0.0436564,0.351131,104.55,104.55
357,1,0.0436564,0.351131,104.4,104.4
358,1,0.0436564,0.351131,104.1,104.1
359,1,0.0436564,0.351131,103.5,103.5
360,1,0.0436564,0.351131,101.85,101.85
361,1,0.0436564,0.351131,102,102
362,1,0.0436564,0.351131,102.15,102.15
363,1,0.0436564,0.351131,101.85,101.85
364,1,0.0436564,0.351131,101.25,101.25
365,1,0.0436564,0.351131,101.1,101.1
366,1,0.0436564,0.351131,100.8,100.8
367,1,0.0436564,0.351131,100.65,100.65
368,1,0.0436564,0.351131,100.5,100.5
369,1,0.0436564,0.351131,100.35,100.35
370,1,0.0436564,0.351131,100.05,100.05
371,1,0.0436564,0.351131,99.9,99.8999
372,1,0.0436564,0.351131,99.9,99.8999
373,1,0.0436564,0.351131,99.9,99.8999
374,1,0.0436564,0.351131,99.9,99.8999
375,1,0.0436564,0.351131,100.05,100.05
376,1,0.0436564,0.351131,100.05,100.05
377,1,0.0436564,0.351131,100.2,100.2
378,1,0.0436564,0.351131,99.9,99.8999
379,1,0.0436564,0.351131,99.75,99.7499
380,1,0.0436564,0.351131,99.9,99.8999
381,1,0.0436564,0.351131,100.05,100.05
382,1,0.0436564,0.351131,100.2,100.2
383,1,0.0436564,0.351131,100.2,100.2
384,1,0.0436564,0.351131,99.9,99.8999
385,1,0.0436564,0.351131,99.9,99.8999
386,1,0.0436564,0.351131,99.9,99.8999
387,1,0.0436564,0.351131,100.05,100.05
388,1,0.0436564,0.351131,100.35,100.35
389,1,0.0436564,0.351131,100.5,100.5
390,1,0.0436564,0.351131,100.95,100.95
391,1,0.0436564,0.351131,101.1,101.1
392,1,0.0436564,0.351131,101.25,101.25
393,1,0.0436564,0.351131,101.4,101.4
394,1,0.0436564,0.351131,101.4,101.4
395,1,0.0436564,0.351131,101.1,101.1
396,1,0.0436564,0.351131,100.95,100.95
397,1,0.0436564,0.351131,100.8,100.8
398,1,0.0436564,0.351131,100.95,100.95
399,1,0.0436564,0.351131,101.4,101.4
400,1,0.0436564,0.351131,101.4,101.4
401,1,0.0436564,0.351131,101.7,101.7
402,1,0.0436564,0.351131,101.7,101.7
403,1,0.0436564,0.351131,101.85,101.85
404,1,0.0436564,0.351131,101.7,101.7
405,1,0.0436564,0.351131,101.85,101.85
406,1,0.0436564,0.351131,102.75,102.75
407,1,0.0436564,0.351131,103.05,103.05
408,1,0.0436564,0.351131,103.2,103.2
409,1,0.0436564,0.351131,103.5,103.5
410,1,0.0436564,0.351131,103.35,103.35
411,1,0.0436564,0.351131,103.2,103.2
412,1,0.0436564,0.351131,103.5,103.5
413,1,0.0436564,0.351131,103.35,103.35
414,1,0.0436564,0.351131,103.35,103.35
415,1,0.0436564,0.351131,103.05,103.05
416,1,0.0436564,0.351131,102.9,102.9
417,1,0.0436564,0.351131,103.05,103.05
418,1,0.0436564,0.351131,103.05,103.05
419,1,0.0436564,0.351131,102.9,102.9
420,1,0.0436564,0.351131,101.55,101.55
421,1,0.0436564,0.351131,101.1,101.1
422,1,0.0436564,0.351131,100.95,100.95
423,1,0.0436564,0.351131,101.55,101.55
424,1,0.0436564,0.351131,102.15,102.15
425,1,0.0436564,0.351131,102.6,102.6
426,1,0.0436564,0.351131,102.9,102.9
427,1,0.0436564,0.351131,103.05,103.05
428,1,0.0436564,0.351131,103.5,103.5
429,1,0.0436564,0.351131,103.35,103.35
430,1,0.0436564,0.351131,103.35,103.35
431,1,0.0436564,0.351131,103.35,103.35
432,1,0.0436564,0.351131,103.5,103.5
433,1,0.0436564,0.351131,104.1,104.1
434,1,0.0436564,0.351131,104.55,104.55
435,1,0.0436564,0.351131,104.25,104.25
436,1,0.0436564,0.351131,104.55,104.55
437,1,0.0436564,0.351131,104.4,104.4
438,1,0.0436564,0.351131,105.15,105.15
439,1,0.0436564,0.351131,105.15,105.15
440,1,0.0436564,0.351131,105.75,105.75
441,1,0.0436564,0.351131,106.95,106.95
442,1,0.0436564,0.351131,106.8,106.8
443,1,0.0436564,0.351131,106.35,106.35
444,1,0.0436564,0.351131,105.15,105.15
445,1,0.0436564,0.351131,105.75,105.75
446,1,0.0436564,0.351131,106.05,106.05
447,1,0.0436564,0.351131,106.95,106.95
448,1,0.0436564,0.351131,108.45,108.45
449,1,0.0436564,0.351131,109.35,109.35
450,1,0.0436564,0.351131,110.25,110.25
451,1,0.0436564,0.351131,111,111
452,1,0.0436564,0.351131,111.75,111.75
453,1,0.0436564,0.351131,112.35,112.35
454,1,0.0436564,0.351131,112.8,112.8
455,1,0.0436564,0.351131,113.4,113.4
456,1,0.0436564,0.351131,113.7,113.7
457,1,0.0436564,0.351131,114,114
458,1,0.0436564,0.351131,114.3,114.3
459,1,0.0436564,0.351131,114.6,114.6
460,1,0.0436564,0.351131,114.9,114.9
461,1,0.0436564,0.351131,114.75,114.75
462,1,0.0436564,0.351131,115.35,115.35
463,1,0.0436564,0.351131,115.35,115.35
464,1,0.0436564,0.351131,115.8,115.8
465,1,0.0436564,0.351131,116.55,116.55
466,1,0.0436564,0.351131,115.5,115.5
467,1,0.0436564,0.351131,114,114
468,1,0.0436564,0.351131,111.45,111.45
469,1,0.0436564,0.351131,109.2,109.2
470,1,0.0436564,0.351131,108.3,108.3
471,1,0.0436564,0.351131,108,108
472,1,0.0436564,0.351131,108.6,108.6
473,1,0.0436564,0.351131,109.95,109.95
474,1,0.0436564,0.351131,111.6,111.6
475,1,0.0436564,0.351131,112.8,112.8
476,1,0.0436564,0.351131,113.85,113.85
477,1,0.0436564,0.351131,114.75,114.75
478,1,0.0436564,0.351131,114.9,114.9
479,1,0.0436564,0.351131,114.9,114.9
480,1,0.0436564,0.351131,115.8,115.8
481,1,0.0436564,0.351131,115.8,115.8
482,1,0.0436564,0.351131,115.05,115.05
483,1,0.0436564,0.351131,114.6,114.6
484,1,0.0436564,0.351131,113.55,113.55
485,1,0.0436564,0.351131,113.4,113.4
486,1,0.0436564,0.351131,114,114
487,1,0.0436564,0.351131,114.9,114.9
488,1,0.0436564,0.351131,115.65,115.65
489,1,0.0436564,0.351131,116.4,116.4
490,1,0.0436564,0.351131,115.5,115.5
491,1,0.0436564,0.351131,114,114
492,1,0.0436564,0.351131,110.85,110.85
493,1,0.0436564,0.351131,107.85,107.85
494,1,0.0436564,0.351131,106.95,106.95
495,1,0.0436564,0.351131,106.95,106.95
496,1,0.0436564,0.351131,108.15,108.15
497,1,0.0436564,0.351131,109.8,109.8
498,1,0.0436564,0.351131,109.65,109.65
499,1,0.0436564,0.351131,109.35,109.35
500,1,0.0436564,0.351131,109.2,109.2
501,1,0.0436564,0.351131,109.2,109.2
502,1,0.0436564,0.351131,108.75,108.75
503,1,0.0436564,0.351131,108.45,108.45
504,1,0.0436564,0.351131,108.15,108.15
505,1,0.0436564,0.351131,107.85,107.85
506,1,0.0436564,0.351131,107.85,107.85
507,1,0.0436564,0.351131,108.15,108.15
508,1,0.0436564,0.351131,108.75,108.75
509,1,0.0436564,0.351131,109.35,109.35
510,1,0.0436564,0.351131,109.8,109.8
511,1,0.0436564,0.351131,110.25,110.25
512,1,0.0436564,0.351131,110.7,110.7
513,1,0.0436564,0.351131,111.3,111.3
514,1,0.0436564,0.351131,111.3,111.3
515,1,0.0436564,0.351131,109.35,109.35
516,1,0.0436564,0.351131,107.1,107.1
517,1,0.0436564,0.351131,105.6,105.6
518,1,0.0436564,0.351131,105.6,105.6
519,1,0.0436564,0.351131,105.3,105.3
520,1,0.0436564,0.351131,105.3,105.3
521,1,0.0436564,0.351131,106.2,106.2
522,1,0.0436564,0.351131,106.35,106.35
523,1,0.0436564,0.351131,106.35,106.35
524,1,0.0436564,0.351131,106.65,106.65
525,1,0.0436564,0.351131,106.95,106.95
526,1,0.0436564,0.351131,107.1,107.1
527,1,0.0436564,0.351131,107.4,107.4
528,1,0.0436564,0.351131,107.7,107.7
529,1,0.0436564,0.351131,107.4,107.4
530,1,0.0436564,0.351131,107.55,107.55
531,1,0.0436564,0.351131,107.85,107.85
532,1,0.0436564,0.351131,108.45,108.45
533,1,0.0436564,0.351131,108.3,108.3
534,1,0.0436564,0.351131,109.05,109.05
535,1,0.0436564,0.351131,109.8,109.8
536,1,0.0436564,0.351131,109.35,109.35
537,1,0.0436564,0.351131,109.05,109.05
538,1,0.0436564,0.351131,108.3,108.3
539,1,0.0436564,0.351131,107.1,107.1
540,1,0.0436564,0.351131,105,105
541,1,0.0436564,0.351131,103.2,103.2
542,1,0.0436564,0.351131,102.6,102.6
543,1,0.0436564,0.351131,102.45,102.45
544,1,0.0436564,0.351131,102.9,102.9
545,1,0.0436564,0.351131,103.8,103.8
546,1,0.0436564,0.351131,105,105
547,1,0.0436564,0.351131,105.6,105.6
548,1,0.0436564,0.351131,106.5,106.5
549,1,0.0436564,0.351131,106.8,106.8
550,1,0.0436564,0.351131,107.25,107.25
551,1,0.0436564,0.351131,107.7,107.7
552,1,0.0436564,0.351131,108.15,108.15
553,1,0.0436564,0.351131,109.05,109.05
554,1,0.0436564,0.351131,109.35,109.35
555,1,0.0436564,0.351131,109.05,109.05
556,1,0.0436564,0.351131,108.9,108.9
557,1,0.0436564,0.351131,109.05,109.05
558,1,0.0436564,0.351131,109.5,109.5
559,1,0.0436564,0.351131,109.65,109.65
560,1,0.0436564,0.351131,110.25,110.25
561,1,0.0436564,0.351131,110.55,110.55
562,1,0.0436564,0.351131,110.1,110.1
563,1,0.0436564,0.351131,108.6,108.6
564,1,0.0436564,0.351131,107.1,107.1
565,1,0.0436564,0.351131,106.05,106.05
566,1,0.0436564,0.351131,105.75,105.75
567,1,0.0436564,0.351131,106.95,106.95
568,1,0.0436564,0.351131,107.25,107.25
569,1,0.0436564,0.351131,107.4,107.4
570,1,0.0436564,0.351131,107.25,107.25
571,1,0.0436564,0.351131,107.1,107.1
572,1,0.0436564,0.351131,106.8,106.8
573,1,0.0436564,0.351131,106.95,106.95
574,1,0.0436564,0.351131,106.8,106.8
575,1,0.0436564,0.351131,106.65,106.65
576,1,0.0436564,0.351131,106.8,106.8
577,1,0.0436564,0.351131,106.5,106.5
578,1,0.0436564,0.351131,106.5,106.5
579,1,0.0436564,0.351131,106.05,106.05
580,1,0.0436564,0.351131,105.45,105.45
581,1,0.0436564,0.351131,105.3,105.3
582,1,0.0436564,0.351131,105.6,105.6
583,1,0.0436564,0.351131,105.9,105.9
584,1,0.0436564,0.351131,105.9,105.9
585,1,0.0436564,0.351131,106.05,106.05
586,1,0.0436564,0.351131,105.75,105.75
587,1,0.0436564,0.351131,105.45,105.45
588,1,0.0436564,0.351131,105.75,105.75
589,1,0.0436564,0.351131,106.05,106.05
590,1,0.0436564,0.351131,106.35,106.35
591,1,0.0436564,0.351131,106.5,106.5
592,1,0.0436564,0.351131,106.65,106.65
593,1,0.0436564,0.351131,106.95,106.95
594,1,0.0436564,0.351131,108.15,108.15
595,1,0.0436564,0.351131,109.5,109.5
596,1,0.0436564,0.351131,110.1,110.1
597,1,0.0436564,0.351131,110.85,110.85
598,1,0.0436564,0.351131,111.3,111.3
599,1,0.0436564,0.351131,111.75,111.75
600,1,0.0436564,0.351131,112.2,112.2
601,1,0.0436564,0.351131,112.95,112.95
602,1,0.0436564,0.351131,114.45,114.45
603,1,0.0436564,0.351131,115.95,115.95
604,1,0.0436564,0.351131,117.3,117.3
605,1,0.0436564,0.351131,117.9,117.9
606,1,0.0436564,0.351131,117.45,117.45
607,1,0.0436564,0.351131,116.85,116.85
608,1,0.0436564,0.351131,116.1,116.1
609,1,0.0436564,0.351131,116.25,116.25
610,1,0.0436564,0.351131,116.1,116.1
611,1,0.0436564,0.351131,115.65,115.65
612,1,0.0436564,0.351131,115.35,115.35
613,1,0.0436564,0.351131,115.05,115.05
614,1,0.0436564,0.351131,115.2,115.2
615,1,0.0436564,0.351131,115.2,115.2
616,1,0.0436564,0.351131,115.35,115.35
617,1,0.0436564,0.351131,116.1,116.1
618,1,0.0436564,0.351131,117.3,117.3
619,1,0.0436564,0.351131,118.35,118.35
620,1,0.0436564,0.351131,117.45,117.45
621,1,0.0436564,0.351131,117.3,117.3
622,1,0.0436564,0.351131,118.05,118.05
623,1,0.0436564,0.351131,118.5,118.5
624,1,0.0436564,0.351131,119.4,119.4
625,1,0.0436564,0.351131,119.85,119.85
626,1,0.0436564,0.351131,121.2,121.2
627,1,0.0436564,0.351131,122.4,122.4
628,1,0.0436564,0.351131,122.4,122.4
629,1,0.0436564,0.351131,122.55,122.55
630,1,0.0436564,0.351131,122.1,122.1
631,1,0.0436564,0.351131,122.25,122.25
632,1,0.0436564,0.351131,121.65,121.65
633,1,0.0436564,0.351131,121.05,121.05
634,1,0.0436564,0.351131,119.55,119.55
635,1,0.0436564,0.351131,118.2,118.2
636,1,0.0436564,0.351131,113.85,113.85
637,1,0.0436564,0.351131,110.7,110.7
638,1,0.0436564,0.351131,109.65,109.65
639,1,0.0436564,0.351131,109.5,109.5
640,1,0.0436564,0.351131,110.25,110.25
641,1,0.0436564,0.351131,112.5,112.5
642,1,0.0436564,0.351131,114.9,114.9
643,1,0.0436564,0.351131,116.25,116.25
644,1,0.0436564,0.351131,117,117
645,1,0.0436564,0.351131,117.6,117.6
646,1,0.0436564,0.351131,118.35,118.35
647,1,0.0436564,0.351131,118.35,118.35
648,1,0.0436564,0.351131,118.5,118.5
649,1,0.0436564,0.351131,120,120
650,1,0.0436564,0.351131,120.15,120.15
651,1,0.0436564,0.351131,119.7,119.7
652,1,0.0436564,0.351131,117.75,117.75
653,1,0.0436564,0.351131,116.55,116.55
654,1,0.0436564,0.351131,114.9,114.9
655,1,0.0436564,0.351131,112.95,112.95
656,1,0.0436564,0.351131,111.3,111.3
657,1,0.0436564,0.351131,110.4,110.4
658,1,0.0436564,0.351131,109.35,109.35
659,1,0.0436564,0.351131,108,108
660,1,0.0436564,0.351131,106.95,106.95
661,1,0.0436564,0.351131,105.9,105.9
662,1,0.0436564,0.351131,105.75,105.75
663,1,0.0436564,0.351131,106.05,106.05
664,1,0.0436564,0.351131,106.05,106.05
665,1,0.0436564,0.351131,105.9,105.9
666,1,0.0436564,0.351131,105.75,105.75
667,1,0.0436564,0.351131,105.6,105.6
668,1,0.0436564,0.351131,105.6,105.6
669,1,0.0436564,0.351131,105.45,105.45
670,1,0.0436564,0.351131,105.45,105.45
671,1,0.0436564,0.351131,105.45,105.45
672,1,0.0436564,0.351131,105.15,105.15
673,1,0.0436564,0.351131,105.15,105.15
674,1,0.0436564,0.351131,105,105
675,1,0.0436564,0.351131,104.85,104.85
676,1,0.0436564,0.351131,104.7,104.7
677,1,0.0436564,0.351131,104.7,104.7
678,1,0.0436564,0.351131,104.55,104.55
679,1,0.0436564,0.351131,104.55,104.55
680,1,0.0436564,0.351131,104.55,104.55
681,1,0.0436564,0.351131,104.7,104.7
682,1,0.0436564,0.351131,104.55,104.55
683,1,0.0436564,0.351131,104.1,104.1
684,1,0.0436564,0.351131,103.35,103.35
685,1,0.0436564,0.351131,103.35,103.35
686,1,0.0436564,0.351131,102.3,102.3
687,1,0.0436564,0.351131,102.6,102.6
688,1,0.0436564,0.351131,102.75,102.75
689,1,0.0436564,0.351131,102.6,102.6
690,1,0.0436564,0.351131,103.35,103.35
691,1,0.0436564,0.351131,104.25,104.25
692,1,0.0436564,0.351131,104.4,104.4
693,1,0.0436564,0.351131,104.1,104.1
694,1,0.0436564,0.351131,104.55,104.55
695,1,0.0436564,0.351131,105.15,105.15
696,1,0.0436564,0.351131,105.75,105.75
697,1,0.0436564,0.351131,106.05,106.05
698,1,0.0436564,0.351131,107.1,107.1
699,1,0.0436564,0.351131,107.7,107.7
700,1,0.0436564,0.351131,108.15,108.15
701,1,0.0436564,0.351131,109.65,109.65
702,1,0.0436564,0.351131,110.85,110.85
703,1,0.0436564,0.351131,111.45,111.45
704,1,0.0436564,0.351131,111.45,111.45
705,1,0.0436564,0.351131,112.8,112.8
706,1,0.0436564,0.351131,112.8,112.8
707,1,0.0436564,0.351131,109.5,109.5
708,1,0.0436564,0.351131,106.5,106.5
709,1,0.0436564,0.351131,103.05,103.05
710,1,0.0436564,0.351131,102.45,102.45
711,1,0.0436564,0.351131,103.2,103.2
712,1,0.0436564,0.351131,104.1,104.1
713,1,0.0436564,0.351131,105.9,105.9
714,1,0.0436564,0.351131,107.25,107.25
715,1,0.0436564,0.351131,108,108
716,1,0.0436564,0.351131,108.9,108.9
717,1,0.0436564,0.351131,109.2,109.2
718,1,0.0436564,0.351131,108.9,108.9
719,1,0.0436564,0.351131,108.6,108.6
720,1,0.0436564,0.351131,108.75,108.75
721,1,0.0436564,0.351131,108.75,108.75
722,1,0.0436564,0.351131,109.2,109.2
723,1,0.0436564,0.351131,109.35,109.35
724,1,0.0436564,0.351131,109.5,109.5
725,1,0.0436564,0.351131,108.6,108.6
726,1,0.0436564,0.351131,107.25,107.25
727,1,0.0436564,0.351131,106.5,106.5
728,1,0.0436564,0.351131,106.2,106.2
729,1,0.0436564,0.351131,106.65,106.65
730,1,0.0436564,0.351131,106.95,106.95
731,1,0.0436564,0.351131,106.8,106.8
732,1,0.0436564,0.351131,106.5,106.5
733,1,0.0436564,0.351131,105.9,105.9
734,1,0.0436564,0.351131,105.45,105.45
735,1,0.0436564,0.351131,105,105
736,1,0.0436564,0.351131,104.7,104.7
737,1,0.0436564,0.351131,104.4,104.4
738,1,0.0436564,0.351131,104.1,104.1
739,1,0.0436564,0.351131,103.65,103.65
740,1,0.0436564,0.351131,103.2,103.2
741,1,0.0436564,0.351131,103.35,103.35
742,1,0.0436564,0.351131,103.5,103.5
743,1,0.0436564,0.351131,103.5,103.5
