0,69,2.77396,102.44,80.9922,108.648,0,1,21
1,69,2.77396,102.14,80.9554,108.648,0,1,21
2,69,2.77396,102.59,81.0106,108.648,0,1,21
3,69,2.77396,102.74,81.029,108.648,0,1,21
4,69,2.77396,102.889,81.0474,108.648,0,1,21
5,69,2.77396,101.99,80.937,108.648,0,1,21
6,69,2.77396,101.54,80.8817,108.648,0,1,21
7,69,2.77396,102.74,81.029,108.648,0,1,21
8,69,2.77396,102.59,81.0106,108.648,0,1,21
9,69,2.77396,102.889,81.0474,108.648,0,1,21
10,69,2.77396,103.789,81.1578,108.648,0,1,21
11,69,2.77396,103.789,81.1578,108.648,0,1,21
12,69,2.77396,103.039,81.0658,108.648,0,1,21
13,69,2.77396,103.039,81.0658,108.648,0,1,21
14,69,2.77396,102.889,81.0474,108.648,0,1,21
15,69,2.77396,103.639,81.1394,108.648,0,1,21
16,69,2.77396,104.839,81.2866,108.648,0,1,21
17,69,2.77396,106.339,81.4707,108.648,0,1,21
18,69,2.77396,107.239,81.5811,108.648,0,1,21
19,69,2.77396,107.839,81.6548,108.648,0,1,21
20,69,2.77396,107.239,81.5811,108.648,0,1,21
21,69,2.77396,107.089,81.5627,108.648,0,1,21
22,69,2.77396,107.239,81.5811,108.648,0,1,21
23,69,2.77396,107.089,81.5627,108.648,0,1,21
24,69,2.77396,107.539,81.6179,108.648,0,1,21
25,69,2.77396,107.839,81.6548,108.648,0,1,21
26,69,2.77396,108.739,81.7652,108.648,0,1,21
27,69,2.77396,110.239,81.9492,108.648,0,1,21
28,69,2.77396,110.389,81.9676,108.648,0,1,21
29,69,2.77396,110.389,81.9676,108.648,0,1,21
30,69,2.77396,110.389,81.9676,108.648,0,1,21
31,69,2.77396,110.989,82.0413,108.648,0,1,21
32,69,2.77396,110.689,82.0045,108.648,0,1,21
33,69,2.77396,110.989,82.0413,108.648,0,1,21
34,69,2.77396,111.739,82.1333,108.648,0,1,21
35,69,2.77396,111.439,82.0965,108.648,0,1,21
36,69,2.77396,109.789,81.894,108.648,0,1,21
37,69,2.77396,109.189,81.8204,108.648,0,1,21
38,69,2.77396,108.889,81.7836,108.648,0,1,21
39,69,2.77396,109.489,81.8572,108.648,0,1,21
40,69,2.77396,110.689,82.0045,108.648,0,1,21
41,69,2.77396,112.189,82.1885,108.648,0,1,21
42,69,2.77396,112.189,82.1885,108.648,0,1,21
43,69,2.77396,112.938,82.2805,108.648,0,1,21
44,69,2.77396,113.388,82.3357,108.648,0,1,21
45,69,2.77396,114.738,82.5014,108.648,0,1,21
46,69,2.77396,115.488,82.5934,108.648,0,1,21
47,69,2.77396,115.488,82.5934,108.648,0,1,21
48,69,2.77396,116.388,82.7038,108.648,0,1,21
49,69,2.77396,116.088,82.667,108.648,0,1,21
50,69,2.77396,117.438,82.8327,108.648,0,1,21
51,69,2.77396,118.038,82.9063,108.648,0,1,21
52,69,2.77396,118.338,82.9431,108.648,0,1,21
53,69,2.77396,119.088,83.0351,108.648,0,1,21
54,69,2.77396,118.938,83.0167,108.648,0,1,21
55,69,2.77396,118.188,82.9247,108.648,0,1,21
56,69,2.77396,117.588,82.8511,108.648,0,1,21
57,69,2.77396,117.288,82.8143,108.648,0,1,21
58,69,2.77396,117.438,82.8327,108.648,0,1,21
59,69,2.77396,116.688,82.7407,108.648,0,1,21
60,69,2.77396,114.138,82.4278,108.648,0,1,21
61,69,2.77396,112.338,82.2069,108.648,0,1,21
62,69,2.77396,111.439,82.0965,108.648,0,1,21
63,69,2.77396,112.039,82.1701,108.648,0,1,21
64,69,2.77396,113.388,82.3357,108.648,0,1,21
65,69,2.77396,114.288,82.4462,108.648,0,1,21
66,69,2.77396,114.138,82.4278,108.648,0,1,21
67,69,2.77396,113.088,82.2989,108.648,0,1,21
68,69,2.77396,112.189,82.1885,108.648,0,1,21
69,69,2.77396,111.589,82.1149,108.648,0,1,21
70,69,2.77396,110.389,81.9676,108.648,0,1,21
71,69,2.77396,108.739,81.7652,108.648,0,1,21
72,69,2.77396,107.089,81.5627,108.648,0,1,21
73,69,2.77396,106.339,81.4707,108.648,0,1,21
74,69,2.77396,106.189,81.4523,108.648,0,1,21
75,69,2.77396,106.489,81.4891,108.648,0,1,21
76,69,2.77396,106.789,81.5259,108.648,0,1,21
77,69,2.77396,106.489,81.4891,108.648,0,1,21
78,69,2.77396,106.189,81.4523,108.648,0,1,21
79,69,2.77396,106.339,81.4707,108.648,0,1,21
80,69,2.77396,106.489,81.4891,108.648,0,1,21
81,69,2.77396,106.639,81.5075,108.648,0,1,21
82,69,2.77396,107.089,81.5627,108.648,0,1,21
83,69,2.77396,106.939,81.5443,108.648,0,1,21
84,69,2.77396,106.339,81.4707,108.648,0,1,21
85,69,2.77396,106.039,81.4339,108.648,0,1,21
86,69,2.77396,105.889,81.4155,108.648,0,1,21
87,69,2.77396,106.189,81.4523,108.648,0,1,21
88,69,2.77396,106.489,81.4891,108.648,0,1,21
89,69,2.77396,106.339,81.4707,108.648,0,1,21
90,69,2.77396,106.189,81.4523,108.648,0,1,21
91,69,2.77396,106.339,81.4707,108.648,0,1,21
92,69,2.77396,106.339,81.4707,108.648,0,1,21
93,69,2.77396,106.189,81.4523,108.648,0,1,21
94,69,2.77396,106.039,81.4339,108.648,0,1,21
95,69,2.77396,106.039,81.4339,108.648,0,1,21
96,69,2.77396,105.889,81.4155,108.648,0,1,21
97,69,2.77396,105.739,81.3971,108.648,0,1,21
98,69,2.77396,105.739,81.3971,108.648,0,1,21
99,69,2.77396,105.739,81.3971,108.648,0,1,21
100,69,2.77396,105.739,81.3971,108.648,0,1,21
101,69,2.77396,105.739,81.3971,108.648,0,1,21
102,69,2.77396,105.889,81.4155,108.648,0,1,21
103,69,2.77396,106.189,81.4523,108.648,0,1,21
104,69,2.77396,106.489,81.4891,108.648,0,1,21
105,69,2.77396,106.639,81.5075,108.648,0,1,21
106,69,2.77396,106.489,81.4891,108.648,0,1,21
107,69,2.77396,106.189,81.4523,108.648,0,1,21
108,69,2.77396,105.889,81.4155,108.648,0,1,21
109,69,2.77396,105.889,81.4155,108.648,0,1,21
110,69,2.77396,106.189,81.4523,108.648,0,1,21
111,69,2.77396,106.939,81.5443,108.648,0,1,21
112,69,2.77396,107.689,81.6364,108.648,0,1,21
113,69,2.77396,107.989,81.6732,108.648,0,1,21
114,69,2.77396,108.289,81.71,108.648,0,1,21
115,69,2.77396,108.439,81.7284,108.648,0,1,21
116,69,2.77396,108.289,81.71,108.648,0,1,21
117,69,2.77396,108.289,81.71,108.648,0,1,21
118,69,2.77396,108.589,81.7468,108.648,0,1,21
119,69,2.77396,109.189,81.8204,108.648,0,1,21
120,69,2.77396,109.639,81.8756,108.648,0,1,21
121,69,2.77396,110.389,81.9676,108.648,0,1,21
122,69,2.77396,111.289,82.0781,108.648,0,1,21
123,69,2.77396,112.039,82.1701,108.648,0,1,21
124,69,2.77396,112.189,82.1885,108.648,0,1,21
125,69,2.77396,112.189,82.1885,108.648,0,1,21
126,69,2.77396,112.338,82.2069,108.648,0,1,21
127,69,2.77396,112.338,82.2069,108.648,0,1,21
128,69,2.77396,112.189,82.1885,108.648,0,1,21
129,69,2.77396,111.589,82.1149,108.648,0,1,21
130,69,2.77396,110.989,82.0413,108.648,0,1,21
131,69,2.77396,110.089,81.9308,108.648,0,1,21
132,69,2.77396,109.039,81.802,108.648,0,1,21
133,69,2.77396,108.739,81.7652,108.648,0,1,21
134,69,2.77396,107.839,81.6548,108.648,0,1,21
135,69,2.77396,106.639,81.5075,108.648,0,1,21
136,69,2.77396,105.739,81.3971,108.648,0,1,21
137,69,2.77396,105.289,81.3419,108.648,0,1,21
138,69,2.77396,105.139,81.3235,108.648,0,1,21
139,69,2.77396,105.139,81.3235,108.648,0,1,21
140,69,2.77396,104.839,81.2866,108.648,0,1,21
141,69,2.77396,104.539,81.2498,108.648,0,1,21
142,69,2.77396,104.689,81.2682,108.648,0,1,21
143,69,2.77396,104.689,81.2682,108.648,0,1,21
144,69,2.77396,104.539,81.2498,108.648,0,1,21
145,69,2.77396,104.689,81.2682,108.648,0,1,21
146,69,2.77396,104.839,81.2866,108.648,0,1,21
147,69,2.77396,104.989,81.3051,108.648,0,1,21
148,69,2.77396,104.839,81.2866,108.648,0,1,21
149,69,2.77396,104.689,81.2682,108.648,0,1,21
150,69,2.77396,104.689,81.2682,108.648,0,1,21
151,69,2.77396,104.839,81.2866,108.648,0,1,21
152,69,2.77396,104.989,81.3051,108.648,0,1,21
153,69,2.77396,105.589,81.3787,108.648,0,1,21
154,69,2.77396,105.889,81.4155,108.648,0,1,21
155,69,2.77396,105.889,81.4155,108.648,0,1,21
156,69,2.77396,105.289,81.3419,108.648,0,1,21
157,69,2.77396,104.989,81.3051,108.648,0,1,21
158,69,2.77396,104.839,81.2866,108.648,0,1,21
159,69,2.77396,105.589,81.3787,108.648,0,1,21
160,69,2.77396,106.789,81.5259,108.648,0,1,21
161,69,2.77396,108.889,81.7836,108.648,0,1,21
162,69,2.77396,110.089,81.9308,108.648,0,1,21
163,69,2.77396,110.839,82.0229,108.648,0,1,21
164,69,2.77396,110.389,81.9676,108.648,0,1,21
165,69,2.77396,109.939,81.9124,108.648,0,1,21
166,69,2.77396,108.889,81.7836,108.648,0,1,21
167,69,2.77396,109.339,81.8388,108.648,0,1,21
168,69,2.77396,109.639,81.8756,108.648,0,1,21
169,69,2.77396,109.189,81.8204,108.648,0,1,21
170,69,2.77396,109.189,81.8204,108.648,0,1,21
171,69,2.77396,109.189,81.8204,108.648,0,1,21
172,69,2.77396,109.189,81.8204,108.648,0,1,21
173,69,2.77396,109.039,81.802,108.648,0,1,21
174,69,2.77396,109.189,81.8204,108.648,0,1,21
175,69,2.77396,108.889,81.7836,108.648,0,1,21
176,69,2.77396,108.289,81.71,108.648,0,1,21
177,69,2.77396,107.539,81.6179,108.648,0,1,21
178,69,2.77396,106.489,81.4891,108.648,0,1,21
179,69,2.77396,105.589,81.3787,108.648,0,1,21
180,69,2.77396,104.689,81.2682,108.648,0,1,21
181,69,2.77396,104.389,81.2314,108.648,0,1,21
182,69,2.77396,104.089,81.1946,108.648,0,1,21
183,69,2.77396,103.789,81.1578,108.648,0,1,21
184,69,2.77396,103.639,81.1394,108.648,0,1,21
185,69,2.77396,103.339,81.1026,108.648,0,1,21
186,69,2.77396,103.039,81.0658,108.648,0,1,21
187,69,2.77396,102.59,81.0106,108.648,0,1,21
188,69,2.77396,102.29,80.9738,108.648,0,1,21
189,69,2.77396,101.09,80.8265,108.648,0,1,21
190,69,2.77396,100.19,80.7161,108.648,0,1,21
191,69,2.77396,100.79,80.7897,108.648,0,1,21
192,69,2.77396,101.54,80.8817,108.648,0,1,21
193,69,2.77396,101.69,80.9001,108.648,0,1,21
194,69,2.77396,101.84,80.9186,108.648,0,1,21
195,69,2.77396,101.99,80.937,108.648,0,1,21
196,69,2.77396,102.29,80.9738,108.648,0,1,21
197,69,2.77396,102.44,80.9922,108.648,0,1,21
198,69,2.77396,102.74,81.029,108.648,0,1,21
199,69,2.77396,103.189,81.0842,108.648,0,1,21
200,69,2.77396,103.489,81.121,108.648,0,1,21
201,69,2.77396,103.789,81.1578,108.648,0,1,21
202,69,2.77396,103.639,81.1394,108.648,0,1,21
203,69,2.77396,103.489,81.121,108.648,0,1,21
204,69,2.77396,103.189,81.0842,108.648,0,1,21
205,69,2.77396,104.839,81.2866,108.648,0,1,21
206,69,2.77396,104.839,81.2866,108.648,0,1,21
207,69,2.77396,104.839,81.2866,108.648,0,1,21
208,69,2.77396,104.689,81.2682,108.648,0,1,21
209,69,2.77396,104.389,81.2314,108.648,0,1,21
210,69,2.77396,103.939,81.1762,108.648,0,1,21
211,69,2.77396,103.789,81.1578,108.648,0,1,21
212,69,2.77396,103.939,81.1762,108.648,0,1,21
213,69,2.77396,103.939,81.1762,108.648,0,1,21
214,69,2.77396,103.939,81.1762,108.648,0,1,21
215,69,2.77396,103.639,81.1394,108.648,0,1,21
216,69,2.77396,103.339,81.1026,108.648,0,1,21
217,69,2.77396,103.339,81.1026,108.648,0,1,21
218,69,2.77396,103.189,81.0842,108.648,0,1,21
219,69,2.77396,103.489,81.121,108.648,0,1,21
220,69,2.77396,103.789,81.1578,108.648,0,1,21
221,69,2.77396,103.789,81.1578,108.648,0,1,21
222,69,2.77396,103.639,81.1394,108.648,0,1,21
223,69,2.77396,103.939,81.1762,108.648,0,1,21
224,69,2.77396,104.089,81.1946,108.648,0,1,21
225,69,2.77396,103.789,81.1578,108.648,0,1,21
226,69,2.77396,103.939,81.1762,108.648,0,1,21
227,69,2.77396,103.489,81.121,108.648,0,1,21
228,69,2.77396,102.74,81.029,108.648,0,1,21
229,69,2.77396,102.44,80.9922,108.648,0,1,21
230,69,2.77396,102.44,80.9922,108.648,0,1,21
231,69,2.77396,102.889,81.0474,108.648,0,1,21
232,69,2.77396,103.339,81.1026,108.648,0,1,21
233,69,2.77396,104.089,81.1946,108.648,0,1,21
234,69,2.77396,104.239,81.213,108.648,0,1,21
235,69,2.77396,104.239,81.213,108.648,0,1,21
236,69,2.77396,104.539,81.2498,108.648,0,1,21
237,69,2.77396,104.989,81.3051,108.648,0,1,21
238,69,2.77396,105.589,81.3787,108.648,0,1,21
239,69,2.77396,105.889,81.4155,108.648,0,1,21
240,69,2.77396,105.739,81.3971,108.648,0,1,21
241,69,2.77396,106.039,81.4339,108.648,0,1,21
242,69,2.77396,106.189,81.4523,108.648,0,1,21
243,69,2.77396,106.189,81.4523,108.648,0,1,21
244,69,2.77396,105.739,81.3971,108.648,0,1,21
245,69,2.77396,105.439,81.3603,108.648,0,1,21
246,69,2.77396,105.439,81.3603,108.648,0,1,21
247,69,2.77396,105.889,81.4155,108.648,0,1,21
248,69,2.77396,106.489,81.4891,108.648,0,1,21
249,69,2.77396,107.239,81.5811,108.648,0,1,21
250,69,2.77396,107.389,81.5995,108.648,0,1,21
251,69,2.77396,107.239,81.5811,108.648,0,1,21
252,69,2.77396,106.789,81.5259,108.648,0,1,21
253,69,2.77396,105.889,81.4155,108.648,0,1,21
254,69,2.77396,105.739,81.3971,108.648,0,1,21
255,69,2.77396,106.039,81.4339,108.648,0,1,21
256,69,2.77396,106.939,81.5443,108.648,0,1,21
257,69,2.77396,107.239,81.5811,108.648,0,1,21
258,69,2.77396,107.239,81.5811,108.648,0,1,21
259,69,2.77396,106.939,81.5443,108.648,0,1,21
260,69,2.77396,106.639,81.5075,108.648,0,1,21
261,69,2.77396,106.339,81.4707,108.648,0,1,21
262,69,2.77396,106.039,81.4339,108.648,0,1,21
263,69,2.77396,106.039,81.4339,108.648,0,1,21
264,69,2.77396,106.189,81.4523,108.648,0,1,21
265,69,2.77396,106.339,81.4707,108.648,0,1,21
266,69,2.77396,106.339,81.4707,108.648,0,1,21
267,69,2.77396,106.339,81.4707,108.648,0,1,21
268,69,2.77396,105.889,81.4155,108.648,0,1,21
269,69,2.77396,106.039,81.4339,108.648,0,1,21
270,69,2.77396,106.639,81.5075,108.648,0,1,21
271,69,2.77396,106.939,81.5443,108.648,0,1,21
272,69,2.77396,106.939,81.5443,108.648,0,1,21
273,69,2.77396,106.939,81.5443,108.648,0,1,21
274,69,2.77396,106.789,81.5259,108.648,0,1,21
275,69,2.77396,105.739,81.3971,108.648,0,1,21
276,69,2.77396,104.239,81.213,108.648,0,1,21
277,69,2.77396,103.939,81.1762,108.648,0,1,21
278,69,2.77396,104.089,81.1946,108.648,0,1,21
279,69,2.77396,104.539,81.2498,108.648,0,1,21
280,69,2.77396,105.289,81.3419,108.648,0,1,21
281,69,2.77396,105.889,81.4155,108.648,0,1,21
282,69,2.77396,105.739,81.3971,108.648,0,1,21
283,69,2.77396,105.439,81.3603,108.648,0,1,21
284,69,2.77396,105.589,81.3787,108.648,0,1,21
285,69,2.77396,105.889,81.4155,108.648,0,1,21
286,69,2.77396,106.639,81.5075,108.648,0,1,21
287,69,2.77396,106.789,81.5259,108.648,0,1,21
288,69,2.77396,106.939,81.5443,108.648,0,1,21
289,69,2.77396,109.939,81.9124,108.648,0,1,21
290,69,2.77396,108.889,81.7836,108.648,0,1,21
291,69,2.77396,109.189,81.8204,108.648,0,1,21
292,69,2.77396,110.389,81.9676,108.648,0,1,21
293,69,2.77396,110.839,82.0229,108.648,0,1,21
294,69,2.77396,111.589,82.1149,108.648,0,1,21
295,69,2.77396,113.538,82.3541,108.648,0,1,21
296,69,2.77396,115.038,82.5382,108.648,0,1,21
297,69,2.77396,115.038,82.5382,108.648,0,1,21
298,69,2.77396,115.788,82.6302,108.648,0,1,21
299,69,2.77396,115.638,82.6118,108.648,0,1,21
300,69,2.77396,112.638,82.2437,108.648,0,1,21
301,69,2.77396,111.139,82.0597,108.648,0,1,21
302,69,2.77396,110.689,82.0045,108.648,0,1,21
303,69,2.77396,111.139,82.0597,108.648,0,1,21
304,69,2.77396,111.889,82.1517,108.648,0,1,21
305,69,2.77396,112.788,82.2621,108.648,0,1,21
306,69,2.77396,114.138,82.4278,108.648,0,1,21
307,69,2.77396,113.838,82.391,108.648,0,1,21
308,69,2.77396,113.088,82.2989,108.648,0,1,21
309,69,2.77396,112.938,82.2805,108.648,0,1,21
310,69,2.77396,112.638,82.2437,108.648,0,1,21
311,69,2.77396,112.638,82.2437,108.648,0,1,21
312,69,2.77396,112.638,82.2437,108.648,0,1,21
313,69,2.77396,112.189,82.1885,108.648,0,1,21
314,69,2.77396,112.039,82.1701,108.648,0,1,21
315,69,2.77396,112.338,82.2069,108.648,0,1,21
316,69,2.77396,112.189,82.1885,108.648,0,1,21
317,69,2.77396,111.889,82.1517,108.648,0,1,21
318,69,2.77396,111.589,82.1149,108.648,0,1,21
319,69,2.77396,111.139,82.0597,108.648,0,1,21
320,69,2.77396,110.539,81.986,108.648,0,1,21
321,69,2.77396,110.539,81.986,108.648,0,1,21
322,69,2.77396,109.939,81.9124,108.648,0,1,21
323,69,2.77396,109.339,81.8388,108.648,0,1,21
324,69,2.77396,107.989,81.6732,108.648,0,1,21
325,69,2.77396,107.239,81.5811,108.648,0,1,21
326,69,2.77396,106.789,81.5259,108.648,0,1,21
327,69,2.77396,107.089,81.5627,108.648,0,1,21
328,69,2.77396,107.539,81.6179,108.648,0,1,21
329,69,2.77396,107.839,81.6548,108.648,0,1,21
330,69,2.77396,107.839,81.6548,108.648,0,1,21
331,69,2.77396,107.839,81.6548,108.648,0,1,21
332,69,2.77396,107.689,81.6364,108.648,0,1,21
333,69,2.77396,107.539,81.6179,108.648,0,1,21
334,69,2.77396,107.689,81.6364,108.648,0,1,21
335,69,2.77396,107.839,81.6548,108.648,0,1,21
336,69,2.77396,108.139,81.6916,108.648,0,1,21
337,69,2.77396,108.589,81.7468,108.648,0,1,21
338,69,2.77396,108.889,81.7836,108.648,0,1,21
339,69,2.77396,108.739,81.7652,108.648,0,1,21
340,69,2.77396,108.439,81.7284,108.648,0,1,21
341,69,2.77396,108.289,81.71,108.648,0,1,21
342,69,2.77396,108.139,81.6916,108.648,0,1,21
343,69,2.77396,107.989,81.6732,108.648,0,1,21
344,69,2.77396,107.839,81.6548,108.648,0,1,21
345,69,2.77396,107.689,81.6364,108.648,0,1,21
346,69,2.77396,107.239,81.5811,108.648,0,1,21
347,69,2.77396,106.939,81.5443,108.648,0,1,21
348,69,2.77396,106.489,81.4891,108.648,0,1,21
349,69,2.77396,105.889,81.4155,108.648,0,1,21
350,69,2.77396,105.439,81.3603,108.648,0,1,21
351,69,2.77396,104.989,81.3051,108.648,0,1,21
352,69,2.77396,104.989,81.3051,108.648,0,1,21
353,69,2.77396,104.839,81.2866,108.648,0,1,21
354,69,2.77396,104.689,81.2682,108.648,0,1,21
355,69,2.77396,104.689,81.2682,108.648,0,1,21
356,69,2.77396,104.539,81.2498,108.648,0,1,21
357,69,2.77396,104.389,81.2314,108.648,0,1,21
358,69,2.77396,104.089,81.1946,108.648,0,1,21
359,69,2.77396,103.489,81.121,108.648,0,1,21
360,69,2.77396,101.84,80.9186,108.648,0,1,21
361,69,2.77396,101.99,80.937,108.648,0,1,21
362,69,2.77396,102.14,80.9554,108.648,0,1,21
363,69,2.77396,101.84,80.9186,108.648,0,1,21
364,69,2.77396,101.24,80.8449,108.648,0,1,21
365,69,2.77396,101.09,80.8265,108.648,0,1,21
366,69,2.77396,100.79,80.7897,108.648,0,1,21
367,69,2.77396,100.64,80.7713,108.648,0,1,21
368,69,2.77396,100.49,80.7529,108.648,0,1,21
369,69,2.77396,100.34,80.7345,108.648,0,1,21
370,69,2.77396,100.04,80.6977,108.648,0,1,21
371,69,2.77396,99.8898,80.6793,108.648,0,1,21
372,69,2.77396,99.8898,80.6793,108.648,0,1,21
373,69,2.77396,99.8898,80.6793,108.648,0,1,21
374,69,2.77396,99.8898,80.6793,108.648,0,1,21
375,69,2.77396,100.04,80.6977,108.648,0,1,21
376,69,2.77396,100.04,80.6977,108.648,0,1,21
377,69,2.77396,100.19,80.7161,108.648,0,1,21
378,69,2.77396,99.8898,80.6793,108.648,0,1,21
379,69,2.77396,99.7398,80.6609,108.648,0,1,21
380,69,2.77396,99.8898,80.6793,108.648,0,1,21
381,69,2.77396,100.04,80.6977,108.648,0,1,21
382,69,2.77396,100.19,80.7161,108.648,0,1,21
383,69,2.77396,100.19,80.7161,108.648,0,1,21
384,69,2.77396,99.8898,80.6793,108.648,0,1,21
385,69,2.77396,99.8898,80.6793,108.648,0,1,21
386,69,2.77396,99.8898,80.6793,108.648,0,1,21
387,69,2.77396,100.04,80.6977,108.648,0,1,21
388,69,2.77396,100.34,80.7345,108.648,0,1,21
389,69,2.77396,100.49,80.7529,108.648,0,1,21
390,69,2.77396,100.94,80.8081,108.648,0,1,21
391,69,2.77396,101.09,80.8265,108.648,0,1,21
392,69,2.77396,101.24,80.8449,108.648,0,1,21
393,69,2.77396,101.39,80.8633,108.648,0,1,21
394,69,2.77396,101.39,80.8633,108.648,0,1,21
395,69,2.77396,101.09,80.8265,108.648,0,1,21
396,69,2.77396,100.94,80.8081,108.648,0,1,21
397,69,2.77396,100.79,80.7897,108.648,0,1,21
398,69,2.77396,100.94,80.8081,108.648,0,1,21
399,69,2.77396,101.39,80.8633,108.648,0,1,21
400,69,2.77396,101.39,80.8633,108.648,0,1,21
401,69,2.77396,101.69,80.9001,108.648,0,1,21
402,69,2.77396,101.69,80.9001,108.648,0,1,21
403,69,2.77396,101.84,80.9186,108.648,0,1,21
404,69,2.77396,101.69,80.9001,108.648,0,1,21
405,69,2.77396,101.84,80.9186,108.648,0,1,21
406,69,2.77396,102.74,81.029,108.648,0,1,21
407,69,2.77396,103.039,81.0658,108.648,0,1,21
408,69,2.77396,103.189,81.0842,108.648,0,1,21
409,69,2.77396,103.489,81.121,108.648,0,1,21
410,69,2.77396,103.339,81.1026,108.648,0,1,21
411,69,2.77396,103.189,81.0842,108.648,0,1,21
412,69,2.77396,103.489,81.121,108.648,0,1,21
413,69,2.77396,103.339,81.1026,108.648,0,1,21
414,69,2.77396,103.339,81.1026,108.648,0,1,21
415,69,2.77396,103.039,81.0658,108.648,0,1,21
416,69,2.77396,102.889,81.0474,108.648,0,1,21
417,69,2.77396,103.039,81.0658,108.648,0,1,21
418,69,2.77396,103.039,81.0658,108.648,0,1,21
419,69,2.77396,102.889,81.0474,108.648,0,1,21
420,69,2.77396,101.54,80.8817,108.648,0,1,21
421,69,2.77396,101.09,80.8265,108.648,0,1,21
422,69,2.77396,100.94,80.8081,108.648,0,1,21
423,69,2.77396,101.54,80.8817,108.648,0,1,21
424,69,2.77396,102.14,80.9554,108.648,0,1,21
425,69,2.77396,102.59,81.0106,108.648,0,1,21
426,69,2.77396,102.889,81.0474,108.648,0,1,21
427,69,2.77396,103.039,81.0658,108.648,0,1,21
428,69,2.77396,103.489,81.121,108.648,0,1,21
429,69,2.77396,103.339,81.1026,108.648,0,1,21
430,69,2.77396,103.339,81.1026,108.648,0,1,21
431,69,2.77396,103.339,81.1026,108.648,0,1,21
432,69,2.77396,103.489,81.121,108.648,0,1,21
433,69,2.77396,104.089,81.1946,108.648,0,1,21
434,69,2.77396,104.539,81.2498,108.648,0,1,21
435,69,2.77396,104.239,81.213,108.648,0,1,21
436,69,2.77396,104.539,81.2498,108.648,0,1,21
437,69,2.77396,104.389,81.2314,108.648,0,1,21
438,69,2.77396,105.139,81.3235,108.648,0,1,21
439,69,2.77396,105.139,81.3235,108.648,0,1,21
440,69,2.77396,105.739,81.3971,108.648,0,1,21
441,69,2.77396,106.939,81.5443,108.648,0,1,21
442,69,2.77396,106.789,81.5259,108.648,0,1,21
443,69,2.77396,106.339,81.4707,108.648,0,1,21
444,69,2.77396,105.139,81.3235,108.648,0,1,21
445,69,2.77396,105.739,81.3971,108.648,0,1,21
446,69,2.77396,106.039,81.4339,108.648,0,1,21
447,69,2.77396,106.939,81.5443,108.648,0,1,21
448,69,2.77396,108.439,81.7284,108.648,0,1,21
449,69,2.77396,109.339,81.8388,108.648,0,1,21
450,69,2.77396,110.239,81.9492,108.648,0,1,21
451,69,2.77396,110.989,82.0413,108.648,0,1,21
452,69,2.77396,111.739,82.1333,108.648,0,1,21
453,69,2.77396,112.338,82.2069,108.648,0,1,21
454,69,2.77396,112.788,82.2621,108.648,0,1,21
455,69,2.77396,113.388,82.3357,108.648,0,1,21
456,69,2.77396,113.688,82.3726,108.648,0,1,21
457,69,2.77396,113.988,82.4094,108.648,0,1,21
458,69,2.77396,114.288,82.4462,108.648,0,1,21
459,69,2.77396,114.588,82.483,108.648,0,1,21
460,69,2.77396,114.888,82.5198,108.648,0,1,21
461,69,2.77396,114.738,82.5014,108.648,0,1,21
462,69,2.77396,115.338,82.575,108.648,0,1,21
463,69,2.77396,115.338,82.575,108.648,0,1,21
464,69,2.77396,115.788,82.6302,108.648,0,1,21
465,69,2.77396,116.538,82.7222,108.648,0,1,21
466,69,2.77396,115.488,82.5934,108.648,0,1,21
467,69,2.77396,113.988,82.4094,108.648,0,1,21
468,69,2.77396,111.439,82.0965,108.648,0,1,21
469,69,2.77396,109.189,81.8204,108.648,0,1,21
470,69,2.77396,108.289,81.71,108.648,0,1,21
471,69,2.77396,107.989,81.6732,108.648,0,1,21
472,69,2.77396,108.589,81.7468,108.648,0,1,21
473,69,2.77396,109.939,81.9124,108.648,0,1,21
474,69,2.77396,111.589,82.1149,108.648,0,1,21
475,69,2.77396,112.788,82.2621,108.648,0,1,21
476,69,2.77396,113.838,82.391,108.648,0,1,21
477,69,2.77396,114.738,82.5014,108.648,0,1,21
478,69,2.77396,114.888,82.5198,108.648,0,1,21
479,69,2.77396,114.888,82.5198,108.648,0,1,21
480,69,2.77396,115.788,82.6302,108.648,0,1,21
481,69,2.77396,115.788,82.6302,108.648,0,1,21
482,69,2.77396,115.038,82.5382,108.648,0,1,21
483,69,2.77396,114.588,82.483,108.648,0,1,21
484,69,2.77396,113.538,82.3541,108.648,0,1,21
485,69,2.77396,113.388,82.3357,108.648,0,1,21
486,69,2.77396,113.988,82.4094,108.648,0,1,21
487,69,2.77396,114.888,82.5198,108.648,0,1,21
488,69,2.77396,115.638,82.6118,108.648,0,1,21
489,69,2.77396,116.388,82.7038,108.648,0,1,21
490,69,2.77396,115.488,82.5934,108.648,0,1,21
491,69,2.77396,113.988,82.4094,108.648,0,1,21
492,69,2.77396,110.839,82.0229,108.648,0,1,21
493,69,2.77396,107.839,81.6548,108.648,0,1,21
494,69,2.77396,106.939,81.5443,108.648,0,1,21
495,69,2.77396,106.939,81.5443,108.648,0,1,21
496,69,2.77396,108.139,81.6916,108.648,0,1,21
497,69,2.77396,109.789,81.894,108.648,0,1,21
498,69,2.77396,109.639,81.8756,108.648,0,1,21
499,69,2.77396,109.339,81.8388,108.648,0,1,21
500,69,2.77396,109.189,81.8204,108.648,0,1,21
501,69,2.77396,109.189,81.8204,108.648,0,1,21
502,69,2.77396,108.739,81.7652,108.648,0,1,21
503,69,2.77396,108.439,81.7284,108.648,0,1,21
504,69,2.77396,108.139,81.6916,108.648,0,1,21
505,69,2.77396,107.839,81.6548,108.648,0,1,21
506,69,2.77396,107.839,81.6548,108.648,0,1,21
507,69,2.77396,108.139,81.6916,108.648,0,1,21
508,69,2.77396,108.739,81.7652,108.648,0,1,21
509,69,2.77396,109.339,81.8388,108.648,0,1,21
510,69,2.77396,109.789,81.894,108.648,0,1,21
511,69,2.77396,110.239,81.9492,108.648,0,1,21
512,69,2.77396,110.689,82.0045,108.648,0,1,21
513,69,2.77396,111.289,82.0781,108.648,0,1,21
514,69,2.77396,111.289,82.0781,108.648,0,1,21
515,69,2.77396,109.339,81.8388,108.648,0,1,21
516,69,2.77396,107.089,81.5627,108.648,0,1,21
517,69,2.77396,105.589,81.3787,108.648,0,1,21
518,69,2.77396,105.589,81.3787,108.648,0,1,21
519,69,2.77396,105.289,81.3419,108.648,0,1,21
520,69,2.77396,105.289,81.3419,108.648,0,1,21
521,69,2.77396,106.189,81.4523,108.648,0,1,21
522,69,2.77396,106.339,81.4707,108.648,0,1,21
523,69,2.77396,106.339,81.4707,108.648,0,1,21
524,69,2.77396,106.639,81.5075,108.648,0,1,21
525,69,2.77396,106.939,81.5443,108.648,0,1,21
526,69,2.77396,107.089,81.5627,108.648,0,1,21
527,69,2.77396,107.389,81.5995,108.648,0,1,21
528,69,2.77396,107.689,81.6364,108.648,0,1,21
529,69,2.77396,107.389,81.5995,108.648,0,1,21
530,69,2.77396,107.539,81.6179,108.648,0,1,21
531,69,2.77396,107.839,81.6548,108.648,0,1,21
532,69,2.77396,108.439,81.7284,108.648,0,1,21
533,69,2.77396,108.289,81.71,108.648,0,1,21
534,69,2.77396,109.039,81.802,108.648,0,1,21
535,69,2.77396,109.789,81.894,108.648,0,1,21
536,69,2.77396,109.339,81.8388,108.648,0,1,21
537,69,2.77396,109.039,81.802,108.648,0,1,21
538,69,2.77396,108.289,81.71,108.648,0,1,21
539,69,2.77396,107.089,81.5627,108.648,0,1,21
540,69,2.77396,104.989,81.3051,108.648,0,1,21
541,69,2.77396,103.189,81.0842,108.648,0,1,21
542,69,2.77396,102.59,81.0106,108.648,0,1,21
543,69,2.77396,102.44,80.9922,108.648,0,1,21
544,69,2.77396,102.889,81.0474,108.648,0,1,21
545,69,2.77396,103.789,81.1578,108.648,0,1,21
546,69,2.77396,104.989,81.3051,108.648,0,1,21
547,69,2.77396,105.589,81.3787,108.648,0,1,21
548,69,2.77396,106.489,81.4891,108.648,0,1,21
549,69,2.77396,106.789,81.5259,108.648,0,1,21
550,69,2.77396,107.239,81.5811,108.648,0,1,21
551,69,2.77396,107.689,81.6364,108.648,0,1,21
552,69,2.77396,108.139,81.6916,108.648,0,1,21
553,69,2.77396,109.039,81.802,108.648,0,1,21
554,69,2.77396,109.339,81.8388,108.648,0,1,21
555,69,2.77396,109.039,81.802,108.648,0,1,21
556,69,2.77396,108.889,81.7836,108.648,0,1,21
557,69,2.77396,109.039,81.802,108.648,0,1,21
558,69,2.77396,109.489,81.8572,108.648,0,1,21
559,69,2.77396,109.639,81.8756,108.648,0,1,21
560,69,2.77396,110.239,81.9492,108.648,0,1,21
561,69,2.77396,110.539,81.986,108.648,0,1,21
562,69,2.77396,110.089,81.9308,108.648,0,1,21
563,69,2.77396,108.589,81.7468,108.648,0,1,21
564,69,2.77396,107.089,81.5627,108.648,0,1,21
565,69,2.77396,106.039,81.4339,108.648,0,1,21
566,69,2.77396,105.739,81.3971,108.648,0,1,21
567,69,2.77396,106.939,81.5443,108.648,0,1,21
568,69,2.77396,107.239,81.5811,108.648,0,1,21
569,69,2.77396,107.389,81.5995,108.648,0,1,21
570,69,2.77396,107.239,81.5811,108.648,0,1,21
571,69,2.77396,107.089,81.5627,108.648,0,1,21
572,69,2.77396,106.789,81.5259,108.648,0,1,21
573,69,2.77396,106.939,81.5443,108.648,0,1,21
574,69,2.77396,106.789,81.5259,108.648,0,1,21
575,69,2.77396,106.639,81.5075,108.648,0,1,21
576,69,2.77396,106.789,81.5259,108.648,0,1,21
577,69,2.77396,106.489,81.4891,108.648,0,1,21
578,69,2.77396,106.489,81.4891,108.648,0,1,21
579,69,2.77396,106.039,81.4339,108.648,0,1,21
580,69,2.77396,105.439,81.3603,108.648,0,1,21
581,69,2.77396,105.289,81.3419,108.648,0,1,21
582,69,2.77396,105.589,81.3787,108.648,0,1,21
583,69,2.77396,105.889,81.4155,108.648,0,1,21
584,69,2.77396,105.889,81.4155,108.648,0,1,21
585,69,2.77396,106.039,81.4339,108.648,0,1,21
586,69,2.77396,105.739,81.3971,108.648,0,1,21
587,69,2.77396,105.439,81.3603,108.648,0,1,21
588,69,2.77396,105.739,81.3971,108.648,0,1,21
589,69,2.77396,106.039,81.4339,108.648,0,1,21
590,69,2.77396,106.339,81.4707,108.648,0,1,21
591,69,2.77396,106.489,81.4891,108.648,0,1,21
592,69,2.77396,106.639,81.5075,108.648,0,1,21
593,69,2.77396,106.939,81.5443,108.648,0,1,21
594,69,2.77396,108.139,81.6916,108.648,0,1,21
595,69,2.77396,109.489,81.8572,108.648,0,1,21
596,69,2.77396,110.089,81.9308,108.648,0,1,21
597,69,2.77396,110.839,82.0229,108.648,0,1,21
598,69,2.77396,111.289,82.0781,108.648,0,1,21
599,69,2.77396,111.739,82.1333,108.648,0,1,21
600,69,2.77396,112.189,82.1885,108.648,0,1,21
601,69,2.77396,112.938,82.2805,108.648,0,1,21
602,69,2.77396,114.438,82.4646,108.648,0,1,21
603,69,2.77396,115.938,82.6486,108.648,0,1,21
604,69,2.77396,117.288,82.8143,108.648,0,1,21
605,69,2.77396,117.888,82.8879,108.648,0,1,21
606,69,2.77396,117.438,82.8327,108.648,0,1,21
607,69,2.77396,116.838,82.7591,108.648,0,1,21
608,69,2.77396,116.088,82.667,108.648,0,1,21
609,69,2.77396,116.238,82.6854,108.648,0,1,21
610,69,2.77396,116.088,82.667,108.648,0,1,21
611,69,2.77396,115.638,82.6118,108.648,0,1,21
612,69,2.77396,115.338,82.575,108.648,0,1,21
613,69,2.77396,115.038,82.5382,108.648,0,1,21
614,69,2.77396,115.188,82.5566,108.648,0,1,21
615,69,2.77396,115.188,82.5566,108.648,0,1,21
616,69,2.77396,115.338,82.575,108.648,0,1,21
617,69,2.77396,116.088,82.667,108.648,0,1,21
618,69,2.77396,117.288,82.8143,108.648,0,1,21
619,69,2.77396,118.338,82.9431,108.648,0,1,21
620,69,2.77396,117.438,82.8327,108.648,0,1,21
621,69,2.77396,117.288,82.8143,108.648,0,1,21
622,69,2.77396,118.038,82.9063,108.648,0,1,21
623,69,2.77396,118.488,82.9615,108.648,0,1,21
624,69,2.77396,119.388,83.072,108.648,0,1,21
625,69,2.77396,119.838,83.1272,108.648,0,1,21
626,69,2.77396,121.188,83.2928,108.648,0,1,21
627,69,2.77396,122.387,83.4401,108.648,0,1,21
628,69,2.77396,122.387,83.4401,108.648,0,1,21
629,69,2.77396,122.537,83.4585,108.648,0,1,21
630,69,2.77396,122.087,83.4032,108.648,0,1,21
631,69,2.77396,122.237,83.4216,108.648,0,1,21
632,69,2.77396,121.638,83.348,108.648,0,1,21
633,69,2.77396,121.038,83.2744,108.648,0,1,21
634,69,2.77396,119.538,83.0904,108.648,0,1,21
635,69,2.77396,118.188,82.9247,108.648,0,1,21
636,69,2.77396,113.838,82.391,108.648,0,1,21
637,69,2.77396,110.689,82.0045,108.648,0,1,21
638,69,2.77396,109.639,81.8756,108.648,0,1,21
639,69,2.77396,109.489,81.8572,108.648,0,1,21
640,69,2.77396,110.239,81.9492,108.648,0,1,21
641,69,2.77396,112.488,82.2253,108.648,0,1,21
642,69,2.77396,114.888,82.5198,108.648,0,1,21
643,69,2.77396,116.238,82.6854,108.648,0,1,21
644,69,2.77396,116.988,82.7775,108.648,0,1,21
645,69,2.77396,117.588,82.8511,108.648,0,1,21
646,69,2.77396,118.338,82.9431,108.648,0,1,21
647,69,2.77396,118.338,82.9431,108.648,0,1,21
648,69,2.77396,118.488,82.9615,108.648,0,1,21
649,69,2.77396,119.988,83.1456,108.648,0,1,21
650,69,2.77396,120.138,83.164,108.648,0,1,21
651,69,2.77396,119.688,83.1088,108.648,0,1,21
652,69,2.77396,117.738,82.8695,108.648,0,1,21
653,69,2.77396,116.538,82.7222,108.648,0,1,21
654,69,2.77396,114.888,82.5198,108.648,0,1,21
655,69,2.77396,112.938,82.2805,108.648,0,1,21
656,69,2.77396,111.289,82.0781,108.648,0,1,21
657,69,2.77396,110.389,81.9676,108.648,0,1,21
658,69,2.77396,109.339,81.8388,108.648,0,1,21
659,69,2.77396,107.989,81.6732,108.648,0,1,21
660,69,2.77396,106.939,81.5443,108.648,0,1,21
661,69,2.77396,105.889,81.4155,108.648,0,1,21
662,69,2.77396,105.739,81.3971,108.648,0,1,21
663,69,2.77396,106.039,81.4339,108.648,0,1,21
664,69,2.77396,106.039,81.4339,108.648,0,1,21
665,69,2.77396,105.889,81.4155,108.648,0,1,21
666,69,2.77396,105.739,81.3971,108.648,0,1,21
667,69,2.77396,105.589,81.3787,108.648,0,1,21
668,69,2.77396,105.589,81.3787,108.648,0,1,21
669,69,2.77396,105.439,81.3603,108.648,0,1,21
670,69,2.77396,105.439,81.3603,108.648,0,1,21
671,69,2.77396,105.439,81.3603,108.648,0,1,21
672,69,2.77396,105.139,81.3235,108.648,0,1,21
673,69,2.77396,105.139,81.3235,108.648,0,1,21
674,69,2.77396,104.989,81.3051,108.648,0,1,21
675,69,2.77396,104.839,81.2866,108.648,0,1,21
676,69,2.77396,104.689,81.2682,108.648,0,1,21
677,69,2.77396,104.689,81.2682,108.648,0,1,21
678,69,2.77396,104.539,81.2498,108.648,0,1,21
679,69,2.77396,104.539,81.2498,108.648,0,1,21
680,69,2.77396,104.539,81.2498,108.648,0,1,21
681,69,2.77396,104.689,81.2682,108.648,0,1,21
682,69,2.77396,104.539,81.2498,108.648,0,1,21
683,69,2.77396,104.089,81.1946,108.648,0,1,21
684,69,2.77396,103.339,81.1026,108.648,0,1,21
685,69,2.77396,103.339,81.1026,108.648,0,1,21
686,69,2.77396,102.29,80.9738,108.648,0,1,21
687,69,2.77396,102.59,81.0106,108.648,0,1,21
688,69,2.77396,102.74,81.029,108.648,0,1,21
689,69,2.77396,102.59,81.0106,108.648,0,1,21
690,69,2.77396,103.339,81.1026,108.648,0,1,21
691,69,2.77396,104.239,81.213,108.648,0,1,21
692,69,2.77396,104.389,81.2314,108.648,0,1,21
693,69,2.77396,104.089,81.1946,108.648,0,1,21
694,69,2.77396,104.539,81.2498,108.648,0,1,21
695,69,2.77396,105.139,81.3235,108.648,0,1,21
696,69,2.77396,105.739,81.3971,108.648,0,1,21
697,69,2.77396,106.039,81.4339,108.648,0,1,21
698,69,2.77396,107.089,81.5627,108.648,0,1,21
699,69,2.77396,107.689,81.6364,108.648,0,1,21
700,69,2.77396,108.139,81.6916,108.648,0,1,21
701,69,2.77396,109.639,81.8756,108.648,0,1,21
702,69,2.77396,110.839,82.0229,108.648,0,1,21
703,69,2.77396,111.439,82.0965,108.648,0,1,21
704,69,2.77396,111.439,82.0965,108.648,0,1,21
705,69,2.77396,112.788,82.2621,108.648,0,1,21
706,69,2.77396,112.788,82.2621,108.648,0,1,21
707,69,2.77396,109.489,81.8572,108.648,0,1,21
708,69,2.77396,106.489,81.4891,108.648,0,1,21
709,69,2.77396,103.039,81.0658,108.648,0,1,21
710,69,2.77396,102.44,80.9922,108.648,0,1,21
711,69,2.77396,103.189,81.0842,108.648,0,1,21
712,69,2.77396,104.089,81.1946,108.648,0,1,21
713,69,2.77396,105.889,81.4155,108.648,0,1,21
714,69,2.77396,107.239,81.5811,108.648,0,1,21
715,69,2.77396,107.989,81.6732,108.648,0,1,21
716,69,2.77396,108.889,81.7836,108.648,0,1,21
717,69,2.77396,109.189,81.8204,108.648,0,1,21
718,69,2.77396,108.889,81.7836,108.648,0,1,21
719,69,2.77396,108.589,81.7468,108.648,0,1,21
720,69,2.77396,108.739,81.7652,108.648,0,1,21
721,69,2.77396,108.739,81.7652,108.648,0,1,21
722,69,2.77396,109.189,81.8204,108.648,0,1,21
723,69,2.77396,109.339,81.8388,108.648,0,1,21
724,69,2.77396,109.489,81.8572,108.648,0,1,21
725,69,2.77396,108.589,81.7468,108.648,0,1,21
726,69,2.77396,107.239,81.5811,108.648,0,1,21
727,69,2.77396,106.489,81.4891,108.648,0,1,21
728,69,2.77396,106.189,81.4523,108.648,0,1,21
729,69,2.77396,106.639,81.5075,108.648,0,1,21
730,69,2.77396,106.939,81.5443,108.648,0,1,21
731,69,2.77396,106.789,81.5259,108.648,0,1,21
732,69,2.77396,106.489,81.4891,108.648,0,1,21
733,69,2.77396,105.889,81.4155,108.648,0,1,21
734,69,2.77396,105.439,81.3603,108.648,0,1,21
735,69,2.77396,104.989,81.3051,108.648,0,1,21
736,69,2.77396,104.689,81.2682,108.648,0,1,21
737,69,2.77396,104.389,81.2314,108.648,0,1,21
738,69,2.77396,104.089,81.1946,108.648,0,1,21
739,69,2.77396,103.639,81.1394,108.648,0,1,21
